title,company,location,link
AvantStay,Frontend,Remote,https://www.indeed.com/viewjob?jk=1dae0e155b34c5de
Hotel Engine,"Software Engineer, React",-,https://www.indeed.com/viewjob?jk=ebc623ea96cd14d9
"StackBlitz, Inc.",Frontend Engineer (React/TypeScript),Remote,https://www.indeed.com/viewjob?jk=3ed508b4e397afb5
Loom,"Software Engineer, Entry Level",Remote in United States,https://www.indeed.com/viewjob?jk=ec1df7e382cebe99
Mobalytics,Senior Frontend Engineer (React),Remote,https://www.indeed.com/viewjob?jk=41b71c50f86c5ceb
Sticker Mule,Software engineer,Remote,https://www.indeed.com/viewjob?jk=1756e7b0298d0eb8
Files.com,Web Frontend Developer (React),Remote,https://www.indeed.com/viewjob?jk=80a24308de962538
Mutual of Omaha,Senior React Frontend Engineer,Remote,https://www.indeed.com/viewjob?jk=faf44dea562752d1
NXLog,React Frontend Developer,Remote,https://www.indeed.com/viewjob?jk=689d00af4915ebd7
Arccos Golf,Entry-Level Front-End Engineer,Remote in United States,https://www.indeed.com/viewjob?jk=b2abf73d74d1d1fc
Tilt,Frontend Software Engineer,Remote,https://www.indeed.com/viewjob?jk=a768ee700b559212
TikTok,"Frontend Engineer, University Graduate - 2022 Start",-,https://www.indeed.com/viewjob?jk=c6990913e049e828
Data Sys IT,Software Engineers,"Remote in Grapevine, TX",https://www.indeed.com/viewjob?jk=d6c1cb9bde3c5a0c
NBCUniversal,Jr. Software Engineer,Remote,https://www.indeed.com/viewjob?jk=589e7df855f13470
McGraw Hill,Front End Software Engineer,Remote in New Jersey,https://www.indeed.com/viewjob?jk=99d0a1208d740b58
Flockjay,"Software Engineer, Frontend",Remote,https://www.indeed.com/viewjob?jk=0e1c945d8c3d279c
WTS Paradigm,Quality Assurance Specialist,Remote,https://www.indeed.com/viewjob?jk=52fb44b6d94629c9
Trendsic Corporation,React Developer,-,https://www.indeed.com/viewjob?jk=a11ed83f431ea65c
Verizon,Junior React Developer,-,https://www.indeed.com/viewjob?jk=74404b6edc2471ae
National Renewable Energy Laboratory,Full Stack Developer (Entry Level),-,https://www.indeed.com/viewjob?jk=b2c4c7b5e28b729b
"Webstaurant Store, Inc.",Junior Front-End Developer (Remote Friendly),"Remote in Tampa, FL",https://www.indeed.com/viewjob?jk=607fe65c85612c41
Aston Technologies Inc.,Full Stack Web Developer - Entry Level,"Saint Louis Park, MN",https://www.indeed.com/viewjob?jk=76785349a91f064f
Piper Companies,Remote - Full-Time - React Developer,Remote,https://www.indeed.com/viewjob?jk=07d80055a050da88
PullRequest,Paid Code Review (React Expert),"Remote in Portland, OR",https://www.indeed.com/viewjob?jk=c558780f2b3ccc92
Major League Baseball,Associate Software Engineer,-,https://www.indeed.com/viewjob?jk=1b2d45bf363cde50
"Houston Astros, LLC",Web Design Apprentice,-,https://www.indeed.com/viewjob?jk=4093c9aab8c95077
OpenForce,Front End React Developer,Remote,https://www.indeed.com/viewjob?jk=3444b28c750b269c
Caspio,Front-End Engineer (React),Remote,https://www.indeed.com/viewjob?jk=7ed9c987716cb97d
KickUp,Software Engineer,Remote,https://www.indeed.com/viewjob?jk=70eb03e29068b706
Veterans Advantage,UI Designer,Remote,https://www.indeed.com/viewjob?jk=d68d6514a601f932
Quisitive,React.js Developer,United States,https://www.indeed.com/viewjob?jk=f10786214e0d1091
GOAT,Frontend Engineer,Remote,https://www.indeed.com/viewjob?jk=ff7c51c05fef0c38
GRANDMETRIC,Frontend Developer,"Remote in Lewes, DE 19958",https://www.indeed.com/viewjob?jk=54ef719bf85bfcce
Sense & Respond,React – Front End Developer,"New York, NY",https://www.indeed.com/viewjob?jk=63c0a70a5ff28527
Attentive Mobile,Software Engineer,Remote in United States,https://www.indeed.com/viewjob?jk=1dca0aaf0dfff8b6
"Side, Inc.",Senior Frontend Engineer - React,Remote,https://www.indeed.com/viewjob?jk=64d36f263fbee241
Crunch.io,Advanced React Developer,Remote in United States,https://www.indeed.com/viewjob?jk=00051925b37878bd
LEARFIELD,Front End Developer,-,https://www.indeed.com/viewjob?jk=06873f17093d2d9e
silicon tech solutions,Wells Fargo: React JS developer,"Dallas, TX",https://www.indeed.com/viewjob?jk=6665a7b855f90d1c
Bayzat,Frontend Software Engineer,-,https://www.indeed.com/viewjob?jk=1f16fb8b625b8e3f
HCL,Front End Developer - React Js,United States,https://www.indeed.com/viewjob?jk=676332168561c38f
Tetrate,Frontend Engineer,Remote,https://www.indeed.com/viewjob?jk=45e5b4711640233a
Lexia Learning,Student Engineering Javascript,Remote,https://www.indeed.com/viewjob?jk=44116ca519b25f6f
Corelynx Technologies,Front end Developer – React Native,-,https://www.indeed.com/viewjob?jk=834a1d99e5c7bf56
Dealer Inspire,React Product Developer - Online Shopper™ (US-based Remote),"Chicago, IL",https://www.indeed.com/viewjob?jk=d52b6011baed1c69
Piper Companies,Remote Web Developer,-,https://www.indeed.com/viewjob?jk=79a472e9f0e68000
Amazon.com Services LLC,Work Based Learning Program Data Center Operations Technicia...,-,https://www.indeed.com/viewjob?jk=b3d1ba60622aaed2
Abusix,Frontend Software Engineer (remote in Europe),-,https://www.indeed.com/viewjob?jk=b139a56ea64ebf39
InspiHER Tech,React/TypeScript UI Engineer,-,https://www.indeed.com/viewjob?jk=c0b077ca0785c344
Angel Studios,Staff Mobile Engineer (React Native),"Remote in Provo, UT",https://www.indeed.com/viewjob?jk=448e903db3d8f6f0
HEB,Frontend Developer - React,-,https://www.indeed.com/viewjob?jk=6099dbca75f49797
TextExpander,"QA User Interface Testing Engineer, 100% Remote",Remote,https://www.indeed.com/viewjob?jk=36b796373eeb7513
Xpressbet,Frontend Developer - ReactJS,Remote in United States,https://www.indeed.com/viewjob?jk=4be08ad22eb44343
Amex,FrontEnd Engineer - Experimentation Platform,"Sunrise, FL",https://www.indeed.com/viewjob?jk=715841d3fad1ac89
Six Feet Up Inc.,Django/React Developer,"Fishers, IN",https://www.indeed.com/viewjob?jk=428845c21ca6f695
Weldonit,React Developer | Weldonit,"Chicago, IL",https://www.indeed.com/viewjob?jk=bc81b612f1bd420d
"Zoom Video Communications, Inc.","Software Engineer, QA/QE",-,https://www.indeed.com/viewjob?jk=80e64233c0a85715
Chartbeat,Frontend Engineer,"New York, NY",https://www.indeed.com/viewjob?jk=fa93834011d4a83b
AT&T,Professional-Software Engineer,-,https://www.indeed.com/viewjob?jk=6d9bc020416a11f5
cloudteam,React.js Developer,-,https://www.indeed.com/viewjob?jk=765587de00a4a35f
Amazon.com Services LLC,"Front End Engineer - React, TypeScript, Web Development, Pro...",-,https://www.indeed.com/viewjob?jk=62872f99be8c0450
PracticeGenius LLC,Frontend Software Engineer (React),Remote,https://www.indeed.com/viewjob?jk=253fe3bffbb7c5d4
Apexon,Senior React/UI Developer,-,https://www.indeed.com/viewjob?jk=506e26f8c51a60d3
Learn In,Front-end Engineer,Remote,https://www.indeed.com/viewjob?jk=5392f6d25a0e3669
Modern Tribe,FE Developer,Remote,https://www.indeed.com/viewjob?jk=3bc85a96bafb1ad5
Play Magnus,Frontend Software Engineer,Remote,https://www.indeed.com/viewjob?jk=22147095198c7344
Veridic Solutions,Full Stack Developer ( GO/React),-,https://www.indeed.com/viewjob?jk=a9c2628fdf23ac80
High Alpha Innovation,Junior Software Engineer,"Remote in Indianapolis, IN",https://www.indeed.com/viewjob?jk=ced35d313abe9d97
Discord,"Product Designer, Growth",-,https://www.indeed.com/viewjob?jk=2140f5f7c1d45bdb
"AmTote International, Inc.",Frontend Developer - ReactJS,Remote in United States,https://www.indeed.com/viewjob?jk=be79a2070081c4b0
LOCKHEED MARTIN CORPORATION,React Developer (Virtual role),"Marietta, GA 30063",https://www.indeed.com/viewjob?jk=98c955e8c6eb3a64
dYdX,Software Engineer - Frontend,-,https://www.indeed.com/viewjob?jk=afda44025b9f2f3b
Offchain Labs,Web Developer,Remote,https://www.indeed.com/viewjob?jk=544e6a9bec24aca3
Photon,React Developers - React,-,https://www.indeed.com/viewjob?jk=3770aedc7d907438
Xanda,React Native Developers,"Start, LA",https://www.indeed.com/viewjob?jk=29f2166d0ab4e29a
Mayo Clinic,IT Tech Specialist 1 - Remote,"Remote in Rochester, MN",https://www.indeed.com/viewjob?jk=a03ce422ee648c36
Levitate,Junior Front End Developer,Remote,https://www.indeed.com/viewjob?jk=a30e629c9957e2f4
Zorang,Front End Web Developer,-,https://www.indeed.com/viewjob?jk=7cf478772c4bfdb5
Novakid School,Senior frontend developer - React (Remote),Remote,https://www.indeed.com/viewjob?jk=88301d1f83d4d4c1
Amex,"Web Engineer - Javascript, NodeJS, React",-,https://www.indeed.com/viewjob?jk=7867bce2090b7abf
AEVI,React Developer,"London, OR",https://www.indeed.com/viewjob?jk=65fec5b9db6e9010
Intel,React JS Web UI Software Engineer,-,https://www.indeed.com/viewjob?jk=d4af7956d5a55c19
Scalors GmbH,React Native Developer,Remote,https://www.indeed.com/viewjob?jk=30620059d4360c8f
TulaCo,Front-end Engineer (React),United States,https://www.indeed.com/viewjob?jk=e578835080ec40de
Google,"Web Solutions Engineer, Travel Analytics Center",-,https://www.indeed.com/viewjob?jk=d3a9f6a7f6e9e0ec
Nisum,Desarrollador Frontend Ssr Bch2905,Remote,https://www.indeed.com/viewjob?jk=1a605390ae601fa1
MiTek Inc.,Software Engineer - Remote,"Remote in Greenwood Village, CO",https://www.indeed.com/viewjob?jk=ed04e5201354a2d8
Customer Acquisition,Frontend Engineer,Remote,https://www.indeed.com/viewjob?jk=e4b19d3f307fb24c
"Insight Enterprises, Inc.",React Developer,-,https://www.indeed.com/viewjob?jk=e2341ed8bcc4dbc8
CB Insights,Software Engineer- Frontend,"Remote in New York, NY",https://www.indeed.com/viewjob?jk=329e3b48fc25ea1d
Tilt,Quality Engineer,Remote,https://www.indeed.com/viewjob?jk=ffbe18e0b3ae6c12
Piper Companies,Frontend Developer,-,https://www.indeed.com/viewjob?jk=e33ed6a10f7c4d56
Einblick,Frontend Engineer,"Cambridge, MA",https://www.indeed.com/viewjob?jk=2c1bdf52307363c9
Cars.com,"Software Engineer, User Experience (mid-level)","Remote in Chicago, IL 60606",https://www.indeed.com/viewjob?jk=f3f5d71e074ffed3
CACI,Jr. Software Engineer - Frontend,-,https://www.indeed.com/viewjob?jk=28bb159f19e0d09f
Differential,Software Developer,Remote,https://www.indeed.com/viewjob?jk=5be8d23d3bfabb8d
EVB,Frontend (React) Developer - 100% Remote,-,https://www.indeed.com/viewjob?jk=bdb3c5dd1408416c
Apple,Frontend Software Engineer (Early Career),-,https://www.indeed.com/viewjob?jk=5b0d61c0a37b0447
YLD,Software Engineer (React/Node) - Portugal (Remote),-,https://www.indeed.com/viewjob?jk=8ff19b0f4a7ae105
ECS Fin,React Developer,"White Plains, NY 10606",https://www.indeed.com/viewjob?jk=c150e043e30bed58
XWP,Lead WordPress Engineer (Remote/Worldwide),Remote,https://www.indeed.com/viewjob?jk=b18f2dd0fe094a1a
Crunch.io,Advanced React Developer,Remote in United States,https://www.indeed.com/viewjob?jk=00051925b37878bd
Pluralsight,Senior UI Software Engineer (React) - Design Systems,Remote,https://www.indeed.com/viewjob?jk=5bbe28420f2c9389
StockStory,Frontend Engineer,"Prague, OK",https://www.indeed.com/viewjob?jk=8d73a36744e4071e
Fyresite,React Developer,-,https://www.indeed.com/viewjob?jk=cb70f2b0fbe93955
Conde Nast,"Editorial Interactives Developer, The New Yorker","New York, NY",https://www.indeed.com/viewjob?jk=a77c21088d88503f
CodeImpact,Remote Frontend Developer,Remote,https://www.indeed.com/viewjob?jk=db3b3abd1116a4da
StangaOne1,React Native Developer,Remote,https://www.indeed.com/viewjob?jk=e3fdd61f8a9c73bd
"RentPath, LLC",Senior Software Engineer-React/JavaScript-Remote,Remote,https://www.indeed.com/viewjob?jk=28ecfbe422a51cb5
TikTok,"Frontend Engineer, University Graduate - 2022 Start",-,https://www.indeed.com/viewjob?jk=c6990913e049e828
Sparkbox,Frontend Developer - US Remote Position,Remote,https://www.indeed.com/viewjob?jk=78d30120394c185c
Rho Business Banking,React Native Developer (Poland),-,https://www.indeed.com/viewjob?jk=e41c67223782783f
Vanilla,Front End Engineer (Mid/Senior),Remote,https://www.indeed.com/viewjob?jk=01d72e81bb95bbfa
Turn Technologies,Frontend Engineer - Ready (Remote),-,https://www.indeed.com/viewjob?jk=d64274ebb17ff0d4
Intone Networks,Lead level React web developer,Remote,https://www.indeed.com/viewjob?jk=b04857087894dcf1
Coalition,Frontend Engineer,Remote in United States,https://www.indeed.com/viewjob?jk=c0c31008288f0865
Proton.ai,Mobile Engineer,"Boston, MA",https://www.indeed.com/viewjob?jk=fcdf2c0f6d911a24
XWP,WordPress Engineer (Remote/Worldwide),-,https://www.indeed.com/viewjob?jk=546770bfbe60c88c
Clear Capital,Software Engineer - React,-,https://www.indeed.com/viewjob?jk=31a1aaa8c668257f
Accessible Web,Django Developer,-,https://www.indeed.com/viewjob?jk=ba79946e291febf9
System1,Front-End Engineer,-,https://www.indeed.com/viewjob?jk=19983bf886b11476
LOCKHEED MARTIN CORPORATION,React Developer (Virtual role),"Marietta, GA 30063",https://www.indeed.com/viewjob?jk=98c955e8c6eb3a64
Industrial Info Resources,Front End Web Developer,"Sugar Land, TX",https://www.indeed.com/viewjob?jk=cee75888f7a3c340
"ESRI, Inc.",ArcGIS for SharePoint,Remote,https://www.indeed.com/viewjob?jk=7e81c08c5f48bb67
Marco Technologies,Remote React Developer,Remote,https://www.indeed.com/viewjob?jk=36af38c20092881a
Novakid School,Senior frontend developer - React (Remote),Remote,https://www.indeed.com/viewjob?jk=88301d1f83d4d4c1
Xanda,React Native Developers,"Start, LA",https://www.indeed.com/viewjob?jk=29f2166d0ab4e29a
DraftKings,"SENIOR FRONTEND SOFTWARE ENGINEER, WEB - NFT",Remote,https://www.indeed.com/viewjob?jk=198c0acc24dfa776
CHOC Children's,Sr. Software Engineer,"Orange, CA 92868",https://www.indeed.com/viewjob?jk=2594bef7e3a7ce29
Dow Jones,QA Engineer,-,https://www.indeed.com/viewjob?jk=fa4c11b7e6bc1579
Zorang,Front End Web Developer,-,https://www.indeed.com/viewjob?jk=7cf478772c4bfdb5
Hazelden Betty Ford Foundation,Front End Developer,"Remote in Center City, MN 55012",https://www.indeed.com/viewjob?jk=adaf2890d1b5876b
Tekmetric,Frontend Engineer,"Remote in Washington, DC",https://www.indeed.com/viewjob?jk=91ae7116a0d179f6
cloudteam,React.js Developer,-,https://www.indeed.com/viewjob?jk=765587de00a4a35f
Piper Companies,Remote JavaScript Developer,-,https://www.indeed.com/viewjob?jk=0710b054c42dff64
Modern Tribe,UI Developer,-,https://www.indeed.com/viewjob?jk=752c13e77fc07225
Zimperium,React Developer,Remote,https://www.indeed.com/viewjob?jk=3ec8908c964330cb
Oshi Health,React Native Developer,-,https://www.indeed.com/viewjob?jk=e0d18ad4f6aae50d
VHT,Tier 1 Support Engineer,-,https://www.indeed.com/viewjob?jk=a72af33169d47b9e
LifeWay Christian Resources,Remote Software Development Engineer - React,"Remote in Nashville, TN 37234",https://www.indeed.com/viewjob?jk=0251637959ceb3e5
"Metova, Inc.",React Native Developer (Remote),"Remote in Dallas, TX",https://www.indeed.com/viewjob?jk=6beb354070a7982f
Fitch Group,Product Designer,"New York, NY",https://www.indeed.com/viewjob?jk=7ef8b393378c09fd
Facebook App,Front-End Engineer,-,https://www.indeed.com/viewjob?jk=4c455c20756848e4
RainFocus,React JavaScript Developer (Remote),-,https://www.indeed.com/viewjob?jk=0162aa29e1903ff7
cloudteam,Mid-level React.js Developer,"Remote in Jacksonville, FL",https://www.indeed.com/viewjob?jk=8cb9dd929a681d6e
Argonne National Laboratory,Early Career Software Engineer,-,https://www.indeed.com/viewjob?jk=2952866745420309
Piper Companies,Remote Full Stack Engineer - React/Node,-,https://www.indeed.com/viewjob?jk=3c50b48e4d9f3f78
Data Sys IT,Software Engineers,"Remote in Grapevine, TX",https://www.indeed.com/viewjob?jk=d6c1cb9bde3c5a0c
Expel,Associate Software Engineer (Full Stack),"Remote in Herndon, VA",https://www.indeed.com/viewjob?jk=93b5c73e9c739764
"Houston Astros, LLC",Web Design Apprentice,-,https://www.indeed.com/viewjob?jk=4093c9aab8c95077
Argonne National Laboratory,Early Career Software Engineer,-,https://www.indeed.com/viewjob?jk=2952866745420309
Lydon Solutions,Entry-Mid Level React/JavaScript Developer,"Kennewick, WA",https://www.indeed.com/viewjob?jk=5962f16554669a6c
Chan Zuckerberg Initiative,"Software Engineer, Along, Education",-,https://www.indeed.com/viewjob?jk=4609535caa0aa68e
Red Foundry,Software Engineer Apprentice,"Chicago, IL",https://www.indeed.com/viewjob?jk=d8680ad4c3c9943b
Barclays,Front End Developer,-,https://www.indeed.com/viewjob?jk=704b94ff7c9408f7
Designit,Front End Developer,"Remote in Redmond, WA",https://www.indeed.com/viewjob?jk=d28a481643e47523
Amex,Engineer - Front End UI,-,https://www.indeed.com/viewjob?jk=c4fecb26c537f63c
Dow Jones,Software Engineer,-,https://www.indeed.com/viewjob?jk=68e7295f32eacc9c
CACI,Front-End Developer (React),-,https://www.indeed.com/viewjob?jk=32cc490e26c389bc
Dealer Inspire,React/Node Developer (US-Based Remote),"Remote in Chicago, IL",https://www.indeed.com/viewjob?jk=289c16ff082472b4
Democratic National Committee,Software Engineering - Voter Protection,-,https://www.indeed.com/viewjob?jk=e2d2c5fdc4546e34
SparkPost,"Front End Engineer (Remote, US)","Remote in Columbia, MD 21046",https://www.indeed.com/viewjob?jk=6677e1bd04b85a3c
Tesla,Front-End Engineer (REACT) - Digital Experience,-,https://www.indeed.com/viewjob?jk=4330a5cf7eb3488a
Exodus,UI/UX Front-End Engineer,Remote,https://www.indeed.com/viewjob?jk=31b337faeaa7a846
Dow Jones,QA Engineer,-,https://www.indeed.com/viewjob?jk=fa4c11b7e6bc1579
Piper Companies,Remote Full Stack Engineer - React/Node,-,https://www.indeed.com/viewjob?jk=3c50b48e4d9f3f78
Amex,"Full Stack Web Engineer - Javascript, NodeJS, React",-,https://www.indeed.com/viewjob?jk=1329febf46e8e8be
Mediaocean,Software Engineer (Frontend),-,https://www.indeed.com/viewjob?jk=8c64b641c8caa83e
Pluralsight,Mid Level Software Engineer (Node.js/React) - 100% Remote,-,https://www.indeed.com/viewjob?jk=c9e1a824ece453c2
Swan Software Solutions,Full Stack Node/React JS Developer,"Carmel, IN",https://www.indeed.com/viewjob?jk=092c1c6109580651
Starkey Hearing Technologies,Entry-Level Web Developer,"Eden Prairie, MN 55344",https://www.indeed.com/viewjob?jk=73e7eaef296feaf0
SCRUFF,Senior Software Engineer,Remote,https://www.indeed.com/viewjob?jk=0793f8885151720e
Pittsburgh Knights,Front End Developer,"Remote in Pittsburgh, PA",https://www.indeed.com/viewjob?jk=be5edce5044b2d33
Simple Thread,Front of the Front-End Engineer,"Remote in Glen Allen, VA",https://www.indeed.com/viewjob?jk=826c40653ef32ae6
Best High Technologies,Computer Programmer,"Austin, TX 78729",https://www.indeed.com/viewjob?jk=a14715be42639be2
HASH,UX/UI Designer,Remote,https://www.indeed.com/viewjob?jk=392a699220ce9ef5
"Cardinal Intellectual Property, Inc",Senior Front-End Developer - React - Remote opportunity,-,https://www.indeed.com/viewjob?jk=ac3dc47cc1dbf809
Webstacks,"Frontend Engineer, React","Remote in San Diego, CA",https://www.indeed.com/viewjob?jk=dadca4028e8cbbdd
Starkey Hearing Technologies,Software Tester I,"Eden Prairie, MN 55344",https://www.indeed.com/viewjob?jk=03373a99a5e0a567
Africa Systems,React.js Developer,-,https://www.indeed.com/viewjob?jk=a2c7e9ecfe2d34b9
Activision,Software Engineer,-,https://www.indeed.com/viewjob?jk=f8adc395271b3f47
MOO,Frontend Developer,Remote,https://www.indeed.com/viewjob?jk=cfa714d92ce84380
Object Partners,Frontend Engineer,-,https://www.indeed.com/viewjob?jk=bae4dd8a5e6a663c
Deloitte,React Engineer,-,https://www.indeed.com/viewjob?jk=5e231b479f2a0b1c
Kohler,QA Test Engineer,"Remote in Kohler, WI 53044",https://www.indeed.com/viewjob?jk=d04d6ef3559d8572
BrightTALK,Front End Engineer (San Francisco),-,https://www.indeed.com/viewjob?jk=744a6ce7096111c6
ONeil Interactive,JavaScript Developer,"Hunt Valley, MD 21031",https://www.indeed.com/viewjob?jk=28e18ea1b57ed1d3
Randall-Reilly,Software Developer 2 (Frontend) - Remote,"Remote in Tuscaloosa, AL 35406",https://www.indeed.com/viewjob?jk=7789869199b7d32b
CSU - Global Campus,Fully Remote - Junior Full Stack Developer,"Remote in Aurora, CO 80011",https://www.indeed.com/viewjob?jk=ee3029080abc8fa9
Peraton Labs,Front-End Developer,"Silver Spring, MD 20910",https://www.indeed.com/viewjob?jk=a6405dc9d884167d
Frontage Technologies,U I Developer,"Moorestown, NJ",https://www.indeed.com/viewjob?jk=651a2c0007579946
Notion,Frontend Web Developer,-,https://www.indeed.com/viewjob?jk=69f67676b78b2954
Apexon,React Native Developer,-,https://www.indeed.com/viewjob?jk=3eba9ed76f85d5c9
Boston Red Sox,"Front End Developer, Baseball Systems","Boston, MA",https://www.indeed.com/viewjob?jk=e44f208ad2eb2333
"JPMorgan Chase Bank, N.A.",Software Engineer -React/TypeScript UI,-,https://www.indeed.com/viewjob?jk=25580e9b308cfa97
CompStak,Senior Frontend Engineer (React),-,https://www.indeed.com/viewjob?jk=b7309a7efabc28b0
Orases,Front End Developer,"Remote in Frederick, MD 21704",https://www.indeed.com/viewjob?jk=cb37e9d3a3db7b71
Research Innovations Inc,Frontend Software Engineer (RASC130),Remote,https://www.indeed.com/viewjob?jk=7c8a086c1a9ac045
Highbrow-Tech,React JS Developer,"Seattle, WA",https://www.indeed.com/viewjob?jk=151f9e958978d601
Hanna Andersson,Junior Front End Developer,-,https://www.indeed.com/viewjob?jk=1b7e7ac1ba79162c
TikTok,"Frontend Engineer, TikTok Business Integrity",-,https://www.indeed.com/viewjob?jk=6f4eb59387341d0e
"Amplify Education, Inc.",Software Engineer - Frontend,-,https://www.indeed.com/viewjob?jk=c690e41c04b86f85
Braintrust,Front-End Web Engineer,-,https://www.indeed.com/viewjob?jk=7c92ef1353892929
Nike,"Software Engineer II (Open to remote work, except the follow...",-,https://www.indeed.com/viewjob?jk=0db410ce90057865
ANDURIL INDUSTRIES,Frontend Software Engineer,-,https://www.indeed.com/viewjob?jk=a617e6c82c86ddde
Notion,"Software Engineer, Early Career",-,https://www.indeed.com/viewjob?jk=fb8f0242772c40dd
Industrial Info Resources,Front End Web Developer,"Sugar Land, TX",https://www.indeed.com/viewjob?jk=cee75888f7a3c340
PariMAX,Frontend Developer - ReactJS,Remote in United States,https://www.indeed.com/viewjob?jk=80e0c8900320e44b
Mindfire Technology,JavaScript Developer,Remote in Indiana,https://www.indeed.com/viewjob?jk=dd84cb46227e74c5
Indiana Farmers Insurance,Web Developer,United States,https://www.indeed.com/viewjob?jk=6013c2cf40c8c2f4
Network Doctor Llc,Junior PHP Developer,"Englewood Cliffs, NJ 07632",https://www.indeed.com/viewjob?jk=43342e4f631c77c9
"eMoney Advisor, LLC",Principal React Developer (Front End),-,https://www.indeed.com/viewjob?jk=27ac0c843d97fae6
Hive,Frontend Engineer,"San Francisco, CA",https://www.indeed.com/viewjob?jk=b9033b380f152ecb
The Brigade,Contract Developer,"Portland, OR",https://www.indeed.com/viewjob?jk=0e84b38e72b53377
RainFocus,React JavaScript Developer (Remote),-,https://www.indeed.com/viewjob?jk=0162aa29e1903ff7
Start Studio,React Developer (Front End Web Dev),"Remote in Provo, UT",https://www.indeed.com/viewjob?jk=51fd124789d7f144
Ivy Tech Solutions inc,Front End/React Developer,Remote,https://www.indeed.com/viewjob?jk=3ebbf87bc0a42d15
Frontdoor,"Software Engineer, React - 100% Remote",-,https://www.indeed.com/viewjob?jk=c22d2b45abfda898
System Skills,Full Stack React developer with Node,-,https://www.indeed.com/viewjob?jk=951eea9fa4587296
Cerebral,"Software Engineer II, Full Stack",-,https://www.indeed.com/viewjob?jk=09cb4deef6f2d43c
Very,UX Product Designer - US,Remote,https://www.indeed.com/viewjob?jk=0f0915337cae84a3
Blocknative Corporation,Front-end Engineer,Remote in United States,https://www.indeed.com/viewjob?jk=53d88810b8ae4433
LumApps,Software Support Engineer,"Remote in Austin, TX 78703",https://www.indeed.com/viewjob?jk=ef6448ceb104a66e
DRW,Software Engineer - TypeScript/React,-,https://www.indeed.com/viewjob?jk=1ea2bde2b63c74a0
Equity Multiple,Front End Contractor - Growth,Remote,https://www.indeed.com/viewjob?jk=aa7ccff556095167
Dogtopia Enterprises LLC,Front End Developer - React,-,https://www.indeed.com/viewjob?jk=98b2392375a52f2a
CrowdStrike,UI/UX Engineer (Remote),-,https://www.indeed.com/viewjob?jk=1de320ea3d5febac
"Z Axis Solutions, LLC",PROMO: React Developer,-,https://www.indeed.com/viewjob?jk=bb76c0076b028861
Green Street Advisors LLC,Full Stack Developer,-,https://www.indeed.com/viewjob?jk=fc2370012f3184a4
PayPal,Full Stack Software Engineer,-,https://www.indeed.com/viewjob?jk=cb2fb33a52d8aff9
University of Michigan,Software Developer Intermediate,"Remote in Ann Arbor, MI 48109",https://www.indeed.com/viewjob?jk=8d34a21f9e2adc41
Dane County,Systems Administrator I - Networking,-,https://www.indeed.com/viewjob?jk=a5852b967a1b023a
Moda Health,"Front End Developer (Remote: AK, AZ, ID, OR, TX, WA)","Remote in Portland, OR 97204",https://www.indeed.com/viewjob?jk=58cab11489a0df3d
silicon tech solutions,UI developer,"Columbia, MD",https://www.indeed.com/viewjob?jk=ea1379413263e22a
StangaOne1,React Native Developer,Remote,https://www.indeed.com/viewjob?jk=e3fdd61f8a9c73bd
Fetch Rewards,"Android, Mobile Engineer, Apprenticeship",-,https://www.indeed.com/viewjob?jk=1ef734fcc668f19f
UCLA,Front End Developer,-,https://www.indeed.com/viewjob?jk=e02e7e1f75101538
Econtenti Inc,Software Engineer,"Edison, NJ 08817",https://www.indeed.com/viewjob?jk=511b177b7fb5f5f2
CBS,Sr. Frontend Developer (REMOTE) - React,"Remote in Fort Lauderdale, FL 33309",https://www.indeed.com/viewjob?jk=42a721552de61c20
SCRUFF,Senior Frontend Software Engineer,Remote,https://www.indeed.com/viewjob?jk=3d874e1441fe3e97
Foxbox,Web Software Engineer,"Chicago, IL",https://www.indeed.com/viewjob?jk=c8e90ed60b88e408
Red Hat Software,Software Engineering Co-Op,-,https://www.indeed.com/viewjob?jk=64057e1d2447f1e1
"JPMorgan Chase Bank, N.A.",React - Front-End Software Engineer (602),-,https://www.indeed.com/viewjob?jk=1d706f3787a46266
Yoko,Front End Developer - WordPress,Remote,https://www.indeed.com/viewjob?jk=c37bf94912b7254b
Twitter,Creative Technologist - Twitter Next Lab,"Remote in Myrtle Point, OR 97458",https://www.indeed.com/viewjob?jk=a079537e486cb327
9th Gear Technologies,Front End React Developer,"Remote in Palo Alto, CA 94301",https://www.indeed.com/viewjob?jk=56ae8b4ba18f2523
Cover Genius,Front End Engineer,-,https://www.indeed.com/viewjob?jk=59cf483a1f61eb30
Facebook App,Front-End Engineer,-,https://www.indeed.com/viewjob?jk=4c455c20756848e4
Orange Mantra,React JS Developer,"Orange, CA",https://www.indeed.com/viewjob?jk=c2dbfaa6d6cd515b
Controltec,React JS Software Developer,Remote,https://www.indeed.com/viewjob?jk=19544fc1d713c600
